#"Step","Potential Energy (kJ/mole)","Temperature (K)"
1000,5.832502102166612e+20,7248304476083324.0
2000,3.017746001873076e+20,8706118494287703.0
3000,7.436374666961601e+20,9859519661264928.0
